character	width
!	4
""""	8
#	8
$	8
%	8
&	10
'	3
(	5
)	5
*	8
+	8
","	3
-	8
.	3
/	8
0	8
1	8
2	8
3	8
4	8
5	8
6	8
7	8
8	8
9	8
:	3
;	3
<	8
=	8
>	8
?	7
@	11
A	10
B	10
C	11
D	10
E	9
F	9
G	11
H	10
I	4
J	9
K	10
L	9
M	12
N	10
O	11
P	10
Q	11
R	10
S	10
T	9
U	10
V	10
W	12
X	10
Y	9
Z	9
[	5
\	8
]	5
^	7
_	5
`	7
a	8
b	8
c	8
d	8
e	8
f	5
g	7
h	8
i	3
j	4
k	7
l	3
m	12
n	8
o	8
p	8
q	8
r	6
s	7
t	6
u	8
v	8
w	10
x	7
y	8
z	7
{	4
|	4
}	4
~	7
｡	7
｢	7
｣	7
､	7
･	7
ｦ	9
ｧ	8
ｨ	7
ｩ	8
ｪ	8
ｫ	8
ｬ	8
ｭ	8
ｮ	7
ｯ	8
ｰ	10
ｱ	10
ｲ	9
ｳ	10
ｴ	10
ｵ	10
ｶ	9
ｷ	10
ｸ	9
ｹ	10
ｺ	9
ｻ	11
ｼ	9
ｽ	10
ｾ	10
ｿ	9
ﾀ	9
ﾁ	10
ﾂ	10
ﾃ	10
ﾄ	7
ﾅ	10
ﾆ	10
ﾇ	9
ﾈ	10
ﾉ	8
ﾊ	10
ﾋ	8
ﾌ	9
ﾍ	10
ﾎ	10
ﾏ	10
ﾐ	7
ﾑ	11
ﾒ	8
ﾓ	10
ﾔ	11
ﾕ	10
ﾖ	8
ﾗ	9
ﾘ	8
ﾙ	11
ﾚ	9
ﾛ	9
ﾜ	9
ﾝ	9
ﾞ	4
ﾟ	4
　	11
、	11
。	11
，	11
．	11
・	8
：	8
；	8
？	16
！	16
゛	8
゜	8
´	8
｀	8
¨	8
＾	8
￣	16
＿	16
ヽ	12
ヾ	12
ゝ	12
ゞ	11
〃	16
仝	16
々	16
〆	16
〇	16
ー	15
―	16
‐	8
／	16
＼	16
～	16
∥	16
｜	16
…	16
‥	16
‘	8
’	8
“	8
”	8
（	8
）	8
〔	8
〕	8
［	8
］	8
｛	8
｝	8
〈	8
〉	8
《	8
》	8
「	8
」	8
『	8
』	8
【	8
】	8
＋	16
－	16
±	16
×	16
÷	16
＝	16
≠	16
＜	16
＞	16
≦	16
≧	16
∞	16
∴	16
♂	16
♀	16
°	16
′	16
″	16
℃	16
￥	16
＄	16
￠	16
￡	16
％	16
＃	16
＆	16
＊	16
＠	16
§	16
☆	16
★	16
○	16
●	16
◎	16
◇	16
◆	16
□	16
■	16
△	16
▲	16
▽	16
▼	16
※	16
〒	16
→	16
←	16
↑	16
↓	16
〓	16
∈	16
∋	16
⊆	16
⊇	16
⊂	16
⊃	16
∪	16
∩	16
∧	16
∨	16
￢	16
⇒	16
⇔	16
∀	16
∃	16
∠	16
⊥	16
⌒	16
∂	16
∇	16
≡	16
≒	16
≪	16
≫	16
√	16
∽	16
∝	16
∵	16
∫	16
∬	16
Å	16
‰	16
♯	16
♭	16
♪	16
†	8
‡	8
¶	8
◯	16
０	11
１	11
２	11
３	11
４	11
５	11
６	11
７	11
８	11
９	11
Ａ	11
Ｂ	12
Ｃ	12
Ｄ	12
Ｅ	11
Ｆ	10
Ｇ	12
Ｈ	12
Ｉ	4
Ｊ	10
Ｋ	12
Ｌ	10
Ｍ	15
Ｎ	12
Ｏ	13
Ｐ	11
Ｑ	13
Ｒ	12
Ｓ	12
Ｔ	10
Ｕ	12
Ｖ	11
Ｗ	16
Ｘ	10
Ｙ	10
Ｚ	10
ａ	9
ｂ	10
ｃ	9
ｄ	10
ｅ	9
ｆ	5
ｇ	9
ｈ	10
ｉ	4
ｊ	4
ｋ	10
ｌ	4
ｍ	15
ｎ	10
ｏ	10
ｐ	10
ｑ	10
ｒ	6
ｓ	9
ｔ	5
ｕ	10
ｖ	8
ｗ	12
ｘ	8
ｙ	8
ｚ	8
ぁ	12
あ	15
ぃ	13
い	15
ぅ	10
う	11
ぇ	12
え	14
ぉ	13
お	15
か	16
が	16
き	14
ぎ	14
く	9
ぐ	13
け	15
げ	16
こ	13
ご	14
さ	12
ざ	14
し	12
じ	12
す	15
ず	16
せ	16
ぜ	16
そ	15
ぞ	15
た	15
だ	15
ち	14
ぢ	14
っ	13
つ	15
づ	15
て	14
で	14
と	12
ど	14
な	14
に	15
ぬ	16
ね	16
の	16
は	16
ば	16
ぱ	16
ひ	15
び	15
ぴ	15
ふ	16
ぶ	16
ぷ	16
へ	16
べ	16
ぺ	16
ほ	16
ぼ	16
ぽ	16
ま	14
み	16
む	16
め	16
も	13
ゃ	14
や	16
ゅ	14
ゆ	16
ょ	12
よ	14
ら	13
り	12
る	14
れ	16
ろ	14
ゎ	14
わ	16
ゐ	16
ゑ	16
を	14
ん	15
ァ	12
ア	14
ィ	10
イ	13
ゥ	12
ウ	15
ェ	12
エ	14
ォ	13
オ	15
カ	13
ガ	15
キ	15
ギ	15
ク	13
グ	15
ケ	15
ゲ	15
コ	13
ゴ	14
サ	16
ザ	16
シ	14
ジ	14
ス	14
ズ	15
セ	15
ゼ	16
ソ	13
ゾ	14
タ	12
ダ	15
チ	15
ヂ	15
ッ	12
ツ	14
ヅ	15
テ	14
デ	15
ト	10
ド	11
ナ	15
ニ	15
ヌ	13
ネ	15
ノ	11
ハ	16
バ	16
パ	16
ヒ	12
ビ	14
ピ	14
フ	13
ブ	14
プ	14
ヘ	15
ベ	15
ペ	15
ホ	15
ボ	15
ポ	15
マ	14
ミ	11
ム	16
メ	12
モ	14
ャ	13
ヤ	16
ュ	13
ユ	15
ョ	10
ヨ	12
ラ	13
リ	12
ル	16
レ	14
ロ	14
ヮ	12
ワ	15
ヰ	16
ヱ	16
ヲ	13
ン	14
ヴ	15
ヵ	12
ヶ	12
Α	16
Β	16
Γ	16
Δ	16
Ε	16
Ζ	16
Η	16
Θ	16
Ι	16
Κ	16
Λ	16
Μ	16
Ν	16
Ξ	16
Ο	16
Π	16
Ρ	16
Σ	16
Τ	16
Υ	16
Φ	16
Χ	16
Ψ	16
Ω	16
α	16
β	16
γ	16
δ	16
ε	16
ζ	16
η	16
θ	16
ι	16
κ	16
λ	16
μ	16
ν	16
ξ	16
ο	16
π	16
ρ	16
σ	16
τ	16
υ	16
φ	16
χ	16
ψ	16
ω	16
А	16
Б	16
В	16
Г	16
Д	16
Е	16
Ё	16
Ж	16
З	16
И	16
Й	16
К	16
Л	16
М	16
Н	16
О	16
П	16
Р	16
С	16
Т	16
У	16
Ф	16
Х	16
Ц	16
Ч	16
Ш	16
Щ	16
Ъ	16
Ы	16
Ь	16
Э	16
Ю	16
Я	16
а	16
б	16
в	16
г	16
д	16
е	16
ё	16
ж	16
з	16
и	16
й	16
к	16
л	16
м	16
н	16
о	16
п	16
р	16
с	16
т	16
у	16
ф	16
х	16
ц	16
ч	16
ш	16
щ	16
ъ	16
ы	16
ь	16
э	16
ю	16
я	16
─	16
│	16
┌	16
┐	16
┘	16
└	16
├	16
┬	16
┤	16
┴	16
┼	16
━	16
┃	16
┏	16
┓	16
┛	16
┗	16
┣	16
┳	16
┫	16
┻	16
╋	16
┠	16
┯	16
┨	16
┷	16
┿	16
┝	16
┰	16
┥	16
┸	16
╂	16
①	16
②	16
③	16
④	16
⑤	16
⑥	16
⑦	16
⑧	16
⑨	16
⑩	16
⑪	16
⑫	16
⑬	16
⑭	16
⑮	16
⑯	16
⑰	16
⑱	16
⑲	16
⑳	16
Ⅰ	16
Ⅱ	16
Ⅲ	16
Ⅳ	16
Ⅴ	16
Ⅵ	16
Ⅶ	16
Ⅷ	16
Ⅸ	16
Ⅹ	16
㍉	16
㌔	16
㌢	16
㍍	16
㌘	16
㌧	16
㌃	16
㌶	16
㍑	16
㍗	16
㌍	16
㌦	16
㌣	16
㌫	16
㍊	16
㌻	16
㎜	16
㎝	16
㎞	16
㎎	16
㎏	16
㏄	16
㎡	16
㍻	16
〝	16
〟	16
№	16
㏍	16
℡	16
㊤	16
㊥	16
㊦	16
㊧	16
㊨	16
㈱	16
㈲	16
㈹	16
㍾	16
㍽	16
㍼	16
∮	16
∑	16
∟	16
⊿	16
亜	16
唖	16
娃	16
阿	16
哀	16
愛	16
挨	16
姶	16
逢	16
葵	16
茜	16
穐	16
悪	16
握	16
渥	16
旭	16
葦	16
芦	16
鯵	16
梓	16
圧	16
斡	16
扱	16
宛	16
姐	16
虻	16
飴	16
絢	16
綾	16
鮎	16
或	16
粟	16
袷	16
安	16
庵	16
按	16
暗	16
案	16
闇	16
鞍	16
杏	16
以	16
伊	16
位	16
依	16
偉	16
囲	16
夷	16
委	16
威	16
尉	16
惟	16
意	16
慰	16
易	16
椅	16
為	16
畏	16
異	16
移	16
維	16
緯	16
胃	16
萎	16
衣	16
謂	16
違	16
遺	16
医	16
井	16
亥	16
域	16
育	16
郁	16
磯	16
一	16
壱	16
溢	16
逸	16
稲	16
茨	16
芋	16
鰯	16
允	16
印	16
咽	16
員	16
因	16
姻	16
引	16
飲	16
淫	16
胤	16
蔭	16
院	16
陰	16
隠	16
韻	16
吋	16
右	16
宇	16
烏	16
羽	16
迂	16
雨	16
卯	16
鵜	16
窺	16
丑	16
碓	16
臼	16
渦	16
嘘	16
唄	16
欝	16
蔚	16
鰻	16
姥	16
厩	16
浦	16
瓜	16
閏	16
噂	16
云	16
運	16
雲	16
荏	16
餌	16
叡	16
営	16
嬰	16
影	16
映	16
曳	16
栄	16
永	16
泳	16
洩	16
瑛	16
盈	16
穎	16
頴	16
英	16
衛	16
詠	16
鋭	16
液	16
疫	16
益	16
駅	16
悦	16
謁	16
越	16
閲	16
榎	16
厭	16
円	16
園	16
堰	16
奄	16
宴	16
延	16
怨	16
掩	16
援	16
沿	16
演	16
炎	16
焔	16
煙	16
燕	16
猿	16
縁	16
艶	16
苑	16
薗	16
遠	16
鉛	16
鴛	16
塩	16
於	16
汚	16
甥	16
凹	16
央	16
奥	16
往	16
応	16
押	16
旺	16
横	16
欧	16
殴	16
王	16
翁	16
襖	16
鴬	16
鴎	16
黄	16
岡	16
沖	16
荻	16
億	16
屋	16
憶	16
臆	16
桶	16
牡	16
乙	16
俺	16
卸	16
恩	16
温	16
穏	16
音	16
下	16
化	16
仮	16
何	16
伽	16
価	16
佳	16
加	16
可	16
嘉	16
夏	16
嫁	16
家	16
寡	16
科	16
暇	16
果	16
架	16
歌	16
河	16
火	16
珂	16
禍	16
禾	16
稼	16
箇	16
花	16
苛	16
茄	16
荷	16
華	16
菓	16
蝦	16
課	16
嘩	16
貨	16
迦	16
過	16
霞	16
蚊	16
俄	16
峨	16
我	16
牙	16
画	16
臥	16
芽	16
蛾	16
賀	16
雅	16
餓	16
駕	16
介	16
会	16
解	16
回	16
塊	16
壊	16
廻	16
快	16
怪	16
悔	16
恢	16
懐	16
戒	16
拐	16
改	16
魁	16
晦	16
械	16
海	16
灰	16
界	16
皆	16
絵	16
芥	16
蟹	16
開	16
階	16
貝	16
凱	16
劾	16
外	16
咳	16
害	16
崖	16
慨	16
概	16
涯	16
碍	16
蓋	16
街	16
該	16
鎧	16
骸	16
浬	16
馨	16
蛙	16
垣	16
柿	16
蛎	16
鈎	16
劃	16
嚇	16
各	16
廓	16
拡	16
撹	16
格	16
核	16
殻	16
獲	16
確	16
穫	16
覚	16
角	16
赫	16
較	16
郭	16
閣	16
隔	16
革	16
学	16
岳	16
楽	16
額	16
顎	16
掛	16
笠	16
樫	16
橿	16
梶	16
鰍	16
潟	16
割	16
喝	16
恰	16
括	16
活	16
渇	16
滑	16
葛	16
褐	16
轄	16
且	16
鰹	16
叶	16
椛	16
樺	16
鞄	16
株	16
兜	16
竃	16
蒲	16
釜	16
鎌	16
噛	16
鴨	16
栢	16
茅	16
萱	16
粥	16
刈	16
苅	16
瓦	16
乾	16
侃	16
冠	16
寒	16
刊	16
勘	16
勧	16
巻	16
喚	16
堪	16
姦	16
完	16
官	16
寛	16
干	16
幹	16
患	16
感	16
慣	16
憾	16
換	16
敢	16
柑	16
桓	16
棺	16
款	16
歓	16
汗	16
漢	16
澗	16
潅	16
環	16
甘	16
監	16
看	16
竿	16
管	16
簡	16
緩	16
缶	16
翰	16
肝	16
艦	16
莞	16
観	16
諌	16
貫	16
還	16
鑑	16
間	16
閑	16
関	16
陥	16
韓	16
館	16
舘	16
丸	16
含	16
岸	16
巌	16
玩	16
癌	16
眼	16
岩	16
翫	16
贋	16
雁	16
頑	16
顔	16
願	16
企	16
伎	16
危	16
喜	16
器	16
基	16
奇	16
嬉	16
寄	16
岐	16
希	16
幾	16
忌	16
揮	16
机	16
旗	16
既	16
期	16
棋	16
棄	16
機	16
帰	16
毅	16
気	16
汽	16
畿	16
祈	16
季	16
稀	16
紀	16
徽	16
規	16
記	16
貴	16
起	16
軌	16
輝	16
飢	16
騎	16
鬼	16
亀	16
偽	16
儀	16
妓	16
宜	16
戯	16
技	16
擬	16
欺	16
犠	16
疑	16
祇	16
義	16
蟻	16
誼	16
議	16
掬	16
菊	16
鞠	16
吉	16
吃	16
喫	16
桔	16
橘	16
詰	16
砧	16
杵	16
黍	16
却	16
客	16
脚	16
虐	16
逆	16
丘	16
久	16
仇	16
休	16
及	16
吸	16
宮	16
弓	16
急	16
救	16
朽	16
求	16
汲	16
泣	16
灸	16
球	16
究	16
窮	16
笈	16
級	16
糾	16
給	16
旧	16
牛	16
去	16
居	16
巨	16
拒	16
拠	16
挙	16
渠	16
虚	16
許	16
距	16
鋸	16
漁	16
禦	16
魚	16
亨	16
享	16
京	16
供	16
侠	16
僑	16
兇	16
競	16
共	16
凶	16
協	16
匡	16
卿	16
叫	16
喬	16
境	16
峡	16
強	16
彊	16
怯	16
恐	16
恭	16
挟	16
教	16
橋	16
況	16
狂	16
狭	16
矯	16
胸	16
脅	16
興	16
蕎	16
郷	16
鏡	16
響	16
饗	16
驚	16
仰	16
凝	16
尭	16
暁	16
業	16
局	16
曲	16
極	16
玉	16
桐	16
粁	16
僅	16
勤	16
均	16
巾	16
錦	16
斤	16
欣	16
欽	16
琴	16
禁	16
禽	16
筋	16
緊	16
芹	16
菌	16
衿	16
襟	16
謹	16
近	16
金	16
吟	16
銀	16
九	16
倶	16
句	16
区	16
狗	16
玖	16
矩	16
苦	16
躯	16
駆	16
駈	16
駒	16
具	16
愚	16
虞	16
喰	16
空	16
偶	16
寓	16
遇	16
隅	16
串	16
櫛	16
釧	16
屑	16
屈	16
掘	16
窟	16
沓	16
靴	16
轡	16
窪	16
熊	16
隈	16
粂	16
栗	16
繰	16
桑	16
鍬	16
勲	16
君	16
薫	16
訓	16
群	16
軍	16
郡	16
卦	16
袈	16
祁	16
係	16
傾	16
刑	16
兄	16
啓	16
圭	16
珪	16
型	16
契	16
形	16
径	16
恵	16
慶	16
慧	16
憩	16
掲	16
携	16
敬	16
景	16
桂	16
渓	16
畦	16
稽	16
系	16
経	16
継	16
繋	16
罫	16
茎	16
荊	16
蛍	16
計	16
詣	16
警	16
軽	16
頚	16
鶏	16
芸	16
迎	16
鯨	16
劇	16
戟	16
撃	16
激	16
隙	16
桁	16
傑	16
欠	16
決	16
潔	16
穴	16
結	16
血	16
訣	16
月	16
件	16
倹	16
倦	16
健	16
兼	16
券	16
剣	16
喧	16
圏	16
堅	16
嫌	16
建	16
憲	16
懸	16
拳	16
捲	16
検	16
権	16
牽	16
犬	16
献	16
研	16
硯	16
絹	16
県	16
肩	16
見	16
謙	16
賢	16
軒	16
遣	16
鍵	16
険	16
顕	16
験	16
鹸	16
元	16
原	16
厳	16
幻	16
弦	16
減	16
源	16
玄	16
現	16
絃	16
舷	16
言	16
諺	16
限	16
乎	16
個	16
古	16
呼	16
固	16
姑	16
孤	16
己	16
庫	16
弧	16
戸	16
故	16
枯	16
湖	16
狐	16
糊	16
袴	16
股	16
胡	16
菰	16
虎	16
誇	16
跨	16
鈷	16
雇	16
顧	16
鼓	16
五	16
互	16
伍	16
午	16
呉	16
吾	16
娯	16
後	16
御	16
悟	16
梧	16
檎	16
瑚	16
碁	16
語	16
誤	16
護	16
醐	16
乞	16
鯉	16
交	16
佼	16
侯	16
候	16
倖	16
光	16
公	16
功	16
効	16
勾	16
厚	16
口	16
向	16
后	16
喉	16
坑	16
垢	16
好	16
孔	16
孝	16
宏	16
工	16
巧	16
巷	16
幸	16
広	16
庚	16
康	16
弘	16
恒	16
慌	16
抗	16
拘	16
控	16
攻	16
昂	16
晃	16
更	16
杭	16
校	16
梗	16
構	16
江	16
洪	16
浩	16
港	16
溝	16
甲	16
皇	16
硬	16
稿	16
糠	16
紅	16
紘	16
絞	16
綱	16
耕	16
考	16
肯	16
肱	16
腔	16
膏	16
航	16
荒	16
行	16
衡	16
講	16
貢	16
購	16
郊	16
酵	16
鉱	16
砿	16
鋼	16
閤	16
降	16
項	16
香	16
高	16
鴻	16
剛	16
劫	16
号	16
合	16
壕	16
拷	16
濠	16
豪	16
轟	16
麹	16
克	16
刻	16
告	16
国	16
穀	16
酷	16
鵠	16
黒	16
獄	16
漉	16
腰	16
甑	16
忽	16
惚	16
骨	16
狛	16
込	16
此	16
頃	16
今	16
困	16
坤	16
墾	16
婚	16
恨	16
懇	16
昏	16
昆	16
根	16
梱	16
混	16
痕	16
紺	16
艮	16
魂	16
些	16
佐	16
叉	16
唆	16
嵯	16
左	16
差	16
査	16
沙	16
瑳	16
砂	16
詐	16
鎖	16
裟	16
坐	16
座	16
挫	16
債	16
催	16
再	16
最	16
哉	16
塞	16
妻	16
宰	16
彩	16
才	16
採	16
栽	16
歳	16
済	16
災	16
采	16
犀	16
砕	16
砦	16
祭	16
斎	16
細	16
菜	16
裁	16
載	16
際	16
剤	16
在	16
材	16
罪	16
財	16
冴	16
坂	16
阪	16
堺	16
榊	16
肴	16
咲	16
崎	16
埼	16
碕	16
鷺	16
作	16
削	16
咋	16
搾	16
昨	16
朔	16
柵	16
窄	16
策	16
索	16
錯	16
桜	16
鮭	16
笹	16
匙	16
冊	16
刷	16
察	16
拶	16
撮	16
擦	16
札	16
殺	16
薩	16
雑	16
皐	16
鯖	16
捌	16
錆	16
鮫	16
皿	16
晒	16
三	16
傘	16
参	16
山	16
惨	16
撒	16
散	16
桟	16
燦	16
珊	16
産	16
算	16
纂	16
蚕	16
讃	16
賛	16
酸	16
餐	16
斬	16
暫	16
残	16
仕	16
仔	16
伺	16
使	16
刺	16
司	16
史	16
嗣	16
四	16
士	16
始	16
姉	16
姿	16
子	16
屍	16
市	16
師	16
志	16
思	16
指	16
支	16
孜	16
斯	16
施	16
旨	16
枝	16
止	16
死	16
氏	16
獅	16
祉	16
私	16
糸	16
紙	16
紫	16
肢	16
脂	16
至	16
視	16
詞	16
詩	16
試	16
誌	16
諮	16
資	16
賜	16
雌	16
飼	16
歯	16
事	16
似	16
侍	16
児	16
字	16
寺	16
慈	16
持	16
時	16
次	16
滋	16
治	16
爾	16
璽	16
痔	16
磁	16
示	16
而	16
耳	16
自	16
蒔	16
辞	16
汐	16
鹿	16
式	16
識	16
鴫	16
竺	16
軸	16
宍	16
雫	16
七	16
叱	16
執	16
失	16
嫉	16
室	16
悉	16
湿	16
漆	16
疾	16
質	16
実	16
蔀	16
篠	16
偲	16
柴	16
芝	16
屡	16
蕊	16
縞	16
舎	16
写	16
射	16
捨	16
赦	16
斜	16
煮	16
社	16
紗	16
者	16
謝	16
車	16
遮	16
蛇	16
邪	16
借	16
勺	16
尺	16
杓	16
灼	16
爵	16
酌	16
釈	16
錫	16
若	16
寂	16
弱	16
惹	16
主	16
取	16
守	16
手	16
朱	16
殊	16
狩	16
珠	16
種	16
腫	16
趣	16
酒	16
首	16
儒	16
受	16
呪	16
寿	16
授	16
樹	16
綬	16
需	16
囚	16
収	16
周	16
宗	16
就	16
州	16
修	16
愁	16
拾	16
洲	16
秀	16
秋	16
終	16
繍	16
習	16
臭	16
舟	16
蒐	16
衆	16
襲	16
讐	16
蹴	16
輯	16
週	16
酋	16
酬	16
集	16
醜	16
什	16
住	16
充	16
十	16
従	16
戎	16
柔	16
汁	16
渋	16
獣	16
縦	16
重	16
銃	16
叔	16
夙	16
宿	16
淑	16
祝	16
縮	16
粛	16
塾	16
熟	16
出	16
術	16
述	16
俊	16
峻	16
春	16
瞬	16
竣	16
舜	16
駿	16
准	16
循	16
旬	16
楯	16
殉	16
淳	16
準	16
潤	16
盾	16
純	16
巡	16
遵	16
醇	16
順	16
処	16
初	16
所	16
暑	16
曙	16
渚	16
庶	16
緒	16
署	16
書	16
薯	16
藷	16
諸	16
助	16
叙	16
女	16
序	16
徐	16
恕	16
鋤	16
除	16
傷	16
償	16
勝	16
匠	16
升	16
召	16
哨	16
商	16
唱	16
嘗	16
奨	16
妾	16
娼	16
宵	16
将	16
小	16
少	16
尚	16
庄	16
床	16
廠	16
彰	16
承	16
抄	16
招	16
掌	16
捷	16
昇	16
昌	16
昭	16
晶	16
松	16
梢	16
樟	16
樵	16
沼	16
消	16
渉	16
湘	16
焼	16
焦	16
照	16
症	16
省	16
硝	16
礁	16
祥	16
称	16
章	16
笑	16
粧	16
紹	16
肖	16
菖	16
蒋	16
蕉	16
衝	16
裳	16
訟	16
証	16
詔	16
詳	16
象	16
賞	16
醤	16
鉦	16
鍾	16
鐘	16
障	16
鞘	16
上	16
丈	16
丞	16
乗	16
冗	16
剰	16
城	16
場	16
壌	16
嬢	16
常	16
情	16
擾	16
条	16
杖	16
浄	16
状	16
畳	16
穣	16
蒸	16
譲	16
醸	16
錠	16
嘱	16
埴	16
飾	16
拭	16
植	16
殖	16
燭	16
織	16
職	16
色	16
触	16
食	16
蝕	16
辱	16
尻	16
伸	16
信	16
侵	16
唇	16
娠	16
寝	16
審	16
心	16
慎	16
振	16
新	16
晋	16
森	16
榛	16
浸	16
深	16
申	16
疹	16
真	16
神	16
秦	16
紳	16
臣	16
芯	16
薪	16
親	16
診	16
身	16
辛	16
進	16
針	16
震	16
人	16
仁	16
刃	16
塵	16
壬	16
尋	16
甚	16
尽	16
腎	16
訊	16
迅	16
陣	16
靭	16
笥	16
諏	16
須	16
酢	16
図	16
厨	16
逗	16
吹	16
垂	16
帥	16
推	16
水	16
炊	16
睡	16
粋	16
翠	16
衰	16
遂	16
酔	16
錐	16
錘	16
随	16
瑞	16
髄	16
崇	16
嵩	16
数	16
枢	16
趨	16
雛	16
据	16
杉	16
椙	16
菅	16
頗	16
雀	16
裾	16
澄	16
摺	16
寸	16
世	16
瀬	16
畝	16
是	16
凄	16
制	16
勢	16
姓	16
征	16
性	16
成	16
政	16
整	16
星	16
晴	16
棲	16
栖	16
正	16
清	16
牲	16
生	16
盛	16
精	16
聖	16
声	16
製	16
西	16
誠	16
誓	16
請	16
逝	16
醒	16
青	16
静	16
斉	16
税	16
脆	16
隻	16
席	16
惜	16
戚	16
斥	16
昔	16
析	16
石	16
積	16
籍	16
績	16
脊	16
責	16
赤	16
跡	16
蹟	16
碩	16
切	16
拙	16
接	16
摂	16
折	16
設	16
窃	16
節	16
説	16
雪	16
絶	16
舌	16
蝉	16
仙	16
先	16
千	16
占	16
宣	16
専	16
尖	16
川	16
戦	16
扇	16
撰	16
栓	16
栴	16
泉	16
浅	16
洗	16
染	16
潜	16
煎	16
煽	16
旋	16
穿	16
箭	16
線	16
繊	16
羨	16
腺	16
舛	16
船	16
薦	16
詮	16
賎	16
践	16
選	16
遷	16
銭	16
銑	16
閃	16
鮮	16
前	16
善	16
漸	16
然	16
全	16
禅	16
繕	16
膳	16
糎	16
噌	16
塑	16
岨	16
措	16
曾	16
曽	16
楚	16
狙	16
疏	16
疎	16
礎	16
祖	16
租	16
粗	16
素	16
組	16
蘇	16
訴	16
阻	16
遡	16
鼠	16
僧	16
創	16
双	16
叢	16
倉	16
喪	16
壮	16
奏	16
爽	16
宋	16
層	16
匝	16
惣	16
想	16
捜	16
掃	16
挿	16
掻	16
操	16
早	16
曹	16
巣	16
槍	16
槽	16
漕	16
燥	16
争	16
痩	16
相	16
窓	16
糟	16
総	16
綜	16
聡	16
草	16
荘	16
葬	16
蒼	16
藻	16
装	16
走	16
送	16
遭	16
鎗	16
霜	16
騒	16
像	16
増	16
憎	16
臓	16
蔵	16
贈	16
造	16
促	16
側	16
則	16
即	16
息	16
捉	16
束	16
測	16
足	16
速	16
俗	16
属	16
賊	16
族	16
続	16
卒	16
袖	16
其	16
揃	16
存	16
孫	16
尊	16
損	16
村	16
遜	16
他	16
多	16
太	16
汰	16
詑	16
唾	16
堕	16
妥	16
惰	16
打	16
柁	16
舵	16
楕	16
陀	16
駄	16
騨	16
体	16
堆	16
対	16
耐	16
岱	16
帯	16
待	16
怠	16
態	16
戴	16
替	16
泰	16
滞	16
胎	16
腿	16
苔	16
袋	16
貸	16
退	16
逮	16
隊	16
黛	16
鯛	16
代	16
台	16
大	16
第	16
醍	16
題	16
鷹	16
滝	16
瀧	16
卓	16
啄	16
宅	16
托	16
択	16
拓	16
沢	16
濯	16
琢	16
託	16
鐸	16
濁	16
諾	16
茸	16
凧	16
蛸	16
只	16
叩	16
但	16
達	16
辰	16
奪	16
脱	16
巽	16
竪	16
辿	16
棚	16
谷	16
狸	16
鱈	16
樽	16
誰	16
丹	16
単	16
嘆	16
坦	16
担	16
探	16
旦	16
歎	16
淡	16
湛	16
炭	16
短	16
端	16
箪	16
綻	16
耽	16
胆	16
蛋	16
誕	16
鍛	16
団	16
壇	16
弾	16
断	16
暖	16
檀	16
段	16
男	16
談	16
値	16
知	16
地	16
弛	16
恥	16
智	16
池	16
痴	16
稚	16
置	16
致	16
蜘	16
遅	16
馳	16
築	16
畜	16
竹	16
筑	16
蓄	16
逐	16
秩	16
窒	16
茶	16
嫡	16
着	16
中	16
仲	16
宙	16
忠	16
抽	16
昼	16
柱	16
注	16
虫	16
衷	16
註	16
酎	16
鋳	16
駐	16
樗	16
瀦	16
猪	16
苧	16
著	16
貯	16
丁	16
兆	16
凋	16
喋	16
寵	16
帖	16
帳	16
庁	16
弔	16
張	16
彫	16
徴	16
懲	16
挑	16
暢	16
朝	16
潮	16
牒	16
町	16
眺	16
聴	16
脹	16
腸	16
蝶	16
調	16
諜	16
超	16
跳	16
銚	16
長	16
頂	16
鳥	16
勅	16
捗	16
直	16
朕	16
沈	16
珍	16
賃	16
鎮	16
陳	16
津	16
墜	16
椎	16
槌	16
追	16
鎚	16
痛	16
通	16
塚	16
栂	16
掴	16
槻	16
佃	16
漬	16
柘	16
辻	16
蔦	16
綴	16
鍔	16
椿	16
潰	16
坪	16
壷	16
嬬	16
紬	16
爪	16
吊	16
釣	16
鶴	16
亭	16
低	16
停	16
偵	16
剃	16
貞	16
呈	16
堤	16
定	16
帝	16
底	16
庭	16
廷	16
弟	16
悌	16
抵	16
挺	16
提	16
梯	16
汀	16
碇	16
禎	16
程	16
締	16
艇	16
訂	16
諦	16
蹄	16
逓	16
邸	16
鄭	16
釘	16
鼎	16
泥	16
摘	16
擢	16
敵	16
滴	16
的	16
笛	16
適	16
鏑	16
溺	16
哲	16
徹	16
撤	16
轍	16
迭	16
鉄	16
典	16
填	16
天	16
展	16
店	16
添	16
纏	16
甜	16
貼	16
転	16
顛	16
点	16
伝	16
殿	16
澱	16
田	16
電	16
兎	16
吐	16
堵	16
塗	16
妬	16
屠	16
徒	16
斗	16
杜	16
渡	16
登	16
菟	16
賭	16
途	16
都	16
鍍	16
砥	16
砺	16
努	16
度	16
土	16
奴	16
怒	16
倒	16
党	16
冬	16
凍	16
刀	16
唐	16
塔	16
塘	16
套	16
宕	16
島	16
嶋	16
悼	16
投	16
搭	16
東	16
桃	16
梼	16
棟	16
盗	16
淘	16
湯	16
涛	16
灯	16
燈	16
当	16
痘	16
祷	16
等	16
答	16
筒	16
糖	16
統	16
到	16
董	16
蕩	16
藤	16
討	16
謄	16
豆	16
踏	16
逃	16
透	16
鐙	16
陶	16
頭	16
騰	16
闘	16
働	16
動	16
同	16
堂	16
導	16
憧	16
撞	16
洞	16
瞳	16
童	16
胴	16
萄	16
道	16
銅	16
峠	16
鴇	16
匿	16
得	16
徳	16
涜	16
特	16
督	16
禿	16
篤	16
毒	16
独	16
読	16
栃	16
橡	16
凸	16
突	16
椴	16
届	16
鳶	16
苫	16
寅	16
酉	16
瀞	16
噸	16
屯	16
惇	16
敦	16
沌	16
豚	16
遁	16
頓	16
呑	16
曇	16
鈍	16
奈	16
那	16
内	16
乍	16
凪	16
薙	16
謎	16
灘	16
捺	16
鍋	16
楢	16
馴	16
縄	16
畷	16
南	16
楠	16
軟	16
難	16
汝	16
二	16
尼	16
弐	16
迩	16
匂	16
賑	16
肉	16
虹	16
廿	16
日	16
乳	16
入	16
如	16
尿	16
韮	16
任	16
妊	16
忍	16
認	16
濡	16
禰	16
祢	16
寧	16
葱	16
猫	16
熱	16
年	16
念	16
捻	16
撚	16
燃	16
粘	16
乃	16
廼	16
之	16
埜	16
嚢	16
悩	16
濃	16
納	16
能	16
脳	16
膿	16
農	16
覗	16
蚤	16
巴	16
把	16
播	16
覇	16
杷	16
波	16
派	16
琶	16
破	16
婆	16
罵	16
芭	16
馬	16
俳	16
廃	16
拝	16
排	16
敗	16
杯	16
盃	16
牌	16
背	16
肺	16
輩	16
配	16
倍	16
培	16
媒	16
梅	16
楳	16
煤	16
狽	16
買	16
売	16
賠	16
陪	16
這	16
蝿	16
秤	16
矧	16
萩	16
伯	16
剥	16
博	16
拍	16
柏	16
泊	16
白	16
箔	16
粕	16
舶	16
薄	16
迫	16
曝	16
漠	16
爆	16
縛	16
莫	16
駁	16
麦	16
函	16
箱	16
硲	16
箸	16
肇	16
筈	16
櫨	16
幡	16
肌	16
畑	16
畠	16
八	16
鉢	16
溌	16
発	16
醗	16
髪	16
伐	16
罰	16
抜	16
筏	16
閥	16
鳩	16
噺	16
塙	16
蛤	16
隼	16
伴	16
判	16
半	16
反	16
叛	16
帆	16
搬	16
斑	16
板	16
氾	16
汎	16
版	16
犯	16
班	16
畔	16
繁	16
般	16
藩	16
販	16
範	16
釆	16
煩	16
頒	16
飯	16
挽	16
晩	16
番	16
盤	16
磐	16
蕃	16
蛮	16
匪	16
卑	16
否	16
妃	16
庇	16
彼	16
悲	16
扉	16
批	16
披	16
斐	16
比	16
泌	16
疲	16
皮	16
碑	16
秘	16
緋	16
罷	16
肥	16
被	16
誹	16
費	16
避	16
非	16
飛	16
樋	16
簸	16
備	16
尾	16
微	16
枇	16
毘	16
琵	16
眉	16
美	16
鼻	16
柊	16
稗	16
匹	16
疋	16
髭	16
彦	16
膝	16
菱	16
肘	16
弼	16
必	16
畢	16
筆	16
逼	16
桧	16
姫	16
媛	16
紐	16
百	16
謬	16
俵	16
彪	16
標	16
氷	16
漂	16
瓢	16
票	16
表	16
評	16
豹	16
廟	16
描	16
病	16
秒	16
苗	16
錨	16
鋲	16
蒜	16
蛭	16
鰭	16
品	16
彬	16
斌	16
浜	16
瀕	16
貧	16
賓	16
頻	16
敏	16
瓶	16
不	16
付	16
埠	16
夫	16
婦	16
富	16
冨	16
布	16
府	16
怖	16
扶	16
敷	16
斧	16
普	16
浮	16
父	16
符	16
腐	16
膚	16
芙	16
譜	16
負	16
賦	16
赴	16
阜	16
附	16
侮	16
撫	16
武	16
舞	16
葡	16
蕪	16
部	16
封	16
楓	16
風	16
葺	16
蕗	16
伏	16
副	16
復	16
幅	16
服	16
福	16
腹	16
複	16
覆	16
淵	16
弗	16
払	16
沸	16
仏	16
物	16
鮒	16
分	16
吻	16
噴	16
墳	16
憤	16
扮	16
焚	16
奮	16
粉	16
糞	16
紛	16
雰	16
文	16
聞	16
丙	16
併	16
兵	16
塀	16
幣	16
平	16
弊	16
柄	16
並	16
蔽	16
閉	16
陛	16
米	16
頁	16
僻	16
壁	16
癖	16
碧	16
別	16
瞥	16
蔑	16
箆	16
偏	16
変	16
片	16
篇	16
編	16
辺	16
返	16
遍	16
便	16
勉	16
娩	16
弁	16
鞭	16
保	16
舗	16
鋪	16
圃	16
捕	16
歩	16
甫	16
補	16
輔	16
穂	16
募	16
墓	16
慕	16
戊	16
暮	16
母	16
簿	16
菩	16
倣	16
俸	16
包	16
呆	16
報	16
奉	16
宝	16
峰	16
峯	16
崩	16
庖	16
抱	16
捧	16
放	16
方	16
朋	16
法	16
泡	16
烹	16
砲	16
縫	16
胞	16
芳	16
萌	16
蓬	16
蜂	16
褒	16
訪	16
豊	16
邦	16
鋒	16
飽	16
鳳	16
鵬	16
乏	16
亡	16
傍	16
剖	16
坊	16
妨	16
帽	16
忘	16
忙	16
房	16
暴	16
望	16
某	16
棒	16
冒	16
紡	16
肪	16
膨	16
謀	16
貌	16
貿	16
鉾	16
防	16
吠	16
頬	16
北	16
僕	16
卜	16
墨	16
撲	16
朴	16
牧	16
睦	16
穆	16
釦	16
勃	16
没	16
殆	16
堀	16
幌	16
奔	16
本	16
翻	16
凡	16
盆	16
摩	16
磨	16
魔	16
麻	16
埋	16
妹	16
昧	16
枚	16
毎	16
哩	16
槙	16
幕	16
膜	16
枕	16
鮪	16
柾	16
鱒	16
桝	16
亦	16
俣	16
又	16
抹	16
末	16
沫	16
迄	16
侭	16
繭	16
麿	16
万	16
慢	16
満	16
漫	16
蔓	16
味	16
未	16
魅	16
巳	16
箕	16
岬	16
密	16
蜜	16
湊	16
蓑	16
稔	16
脈	16
妙	16
粍	16
民	16
眠	16
務	16
夢	16
無	16
牟	16
矛	16
霧	16
鵡	16
椋	16
婿	16
娘	16
冥	16
名	16
命	16
明	16
盟	16
迷	16
銘	16
鳴	16
姪	16
牝	16
滅	16
免	16
棉	16
綿	16
緬	16
面	16
麺	16
摸	16
模	16
茂	16
妄	16
孟	16
毛	16
猛	16
盲	16
網	16
耗	16
蒙	16
儲	16
木	16
黙	16
目	16
杢	16
勿	16
餅	16
尤	16
戻	16
籾	16
貰	16
問	16
悶	16
紋	16
門	16
匁	16
也	16
冶	16
夜	16
爺	16
耶	16
野	16
弥	16
矢	16
厄	16
役	16
約	16
薬	16
訳	16
躍	16
靖	16
柳	16
薮	16
鑓	16
愉	16
愈	16
油	16
癒	16
諭	16
輸	16
唯	16
佑	16
優	16
勇	16
友	16
宥	16
幽	16
悠	16
憂	16
揖	16
有	16
柚	16
湧	16
涌	16
猶	16
猷	16
由	16
祐	16
裕	16
誘	16
遊	16
邑	16
郵	16
雄	16
融	16
夕	16
予	16
余	16
与	16
誉	16
輿	16
預	16
傭	16
幼	16
妖	16
容	16
庸	16
揚	16
揺	16
擁	16
曜	16
楊	16
様	16
洋	16
溶	16
熔	16
用	16
窯	16
羊	16
耀	16
葉	16
蓉	16
要	16
謡	16
踊	16
遥	16
陽	16
養	16
慾	16
抑	16
欲	16
沃	16
浴	16
翌	16
翼	16
淀	16
羅	16
螺	16
裸	16
来	16
莱	16
頼	16
雷	16
洛	16
絡	16
落	16
酪	16
乱	16
卵	16
嵐	16
欄	16
濫	16
藍	16
蘭	16
覧	16
利	16
吏	16
履	16
李	16
梨	16
理	16
璃	16
痢	16
裏	16
裡	16
里	16
離	16
陸	16
律	16
率	16
立	16
葎	16
掠	16
略	16
劉	16
流	16
溜	16
琉	16
留	16
硫	16
粒	16
隆	16
竜	16
龍	16
侶	16
慮	16
旅	16
虜	16
了	16
亮	16
僚	16
両	16
凌	16
寮	16
料	16
梁	16
涼	16
猟	16
療	16
瞭	16
稜	16
糧	16
良	16
諒	16
遼	16
量	16
陵	16
領	16
力	16
緑	16
倫	16
厘	16
林	16
淋	16
燐	16
琳	16
臨	16
輪	16
隣	16
鱗	16
麟	16
瑠	16
塁	16
涙	16
累	16
類	16
令	16
伶	16
例	16
冷	16
励	16
嶺	16
怜	16
玲	16
礼	16
苓	16
鈴	16
隷	16
零	16
霊	16
麗	16
齢	16
暦	16
歴	16
列	16
劣	16
烈	16
裂	16
廉	16
恋	16
憐	16
漣	16
煉	16
簾	16
練	16
聯	16
蓮	16
連	16
錬	16
呂	16
魯	16
櫓	16
炉	16
賂	16
路	16
露	16
労	16
婁	16
廊	16
弄	16
朗	16
楼	16
榔	16
浪	16
漏	16
牢	16
狼	16
篭	16
老	16
聾	16
蝋	16
郎	16
六	16
麓	16
禄	16
肋	16
録	16
論	16
倭	16
和	16
話	16
歪	16
賄	16
脇	16
惑	16
枠	16
鷲	16
亙	16
亘	16
鰐	16
詫	16
藁	16
蕨	16
椀	16
湾	16
碗	16
腕	16
弌	16
丐	16
丕	16
个	16
丱	16
丶	16
丼	16
丿	16
乂	16
乖	16
乘	16
亂	16
亅	16
豫	16
亊	16
舒	16
弍	16
于	16
亞	16
亟	16
亠	16
亢	16
亰	16
亳	16
亶	16
从	16
仍	16
仄	16
仆	16
仂	16
仗	16
仞	16
仭	16
仟	16
价	16
伉	16
佚	16
估	16
佛	16
佝	16
佗	16
佇	16
佶	16
侈	16
侏	16
侘	16
佻	16
佩	16
佰	16
侑	16
佯	16
來	16
侖	16
儘	16
俔	16
俟	16
俎	16
俘	16
俛	16
俑	16
俚	16
俐	16
俤	16
俥	16
倚	16
倨	16
倔	16
倪	16
倥	16
倅	16
伜	16
俶	16
倡	16
倩	16
倬	16
俾	16
俯	16
們	16
倆	16
偃	16
假	16
會	16
偕	16
偐	16
偈	16
做	16
偖	16
偬	16
偸	16
傀	16
傚	16
傅	16
傴	16
傲	16
僉	16
僊	16
傳	16
僂	16
僖	16
僞	16
僥	16
僭	16
僣	16
僮	16
價	16
僵	16
儉	16
儁	16
儂	16
儖	16
儕	16
儔	16
儚	16
儡	16
儺	16
儷	16
儼	16
儻	16
儿	16
兀	16
兒	16
兌	16
兔	16
兢	16
竸	16
兩	16
兪	16
兮	16
冀	16
冂	16
囘	16
册	16
冉	16
冏	16
冑	16
冓	16
冕	16
冖	16
冤	16
冦	16
冢	16
冩	16
冪	16
冫	16
决	16
冱	16
冲	16
冰	16
况	16
冽	16
凅	16
凉	16
凛	16
几	16
處	16
凩	16
凭	16
凰	16
凵	16
凾	16
刄	16
刋	16
刔	16
刎	16
刧	16
刪	16
刮	16
刳	16
刹	16
剏	16
剄	16
剋	16
剌	16
剞	16
剔	16
剪	16
剴	16
剩	16
剳	16
剿	16
剽	16
劍	16
劔	16
劒	16
剱	16
劈	16
劑	16
辨	16
辧	16
劬	16
劭	16
劼	16
劵	16
勁	16
勍	16
勗	16
勞	16
勣	16
勦	16
飭	16
勠	16
勳	16
勵	16
勸	16
勹	16
匆	16
匈	16
甸	16
匍	16
匐	16
匏	16
匕	16
匚	16
匣	16
匯	16
匱	16
匳	16
匸	16
區	16
卆	16
卅	16
丗	16
卉	16
卍	16
凖	16
卞	16
卩	16
卮	16
夘	16
卻	16
卷	16
厂	16
厖	16
厠	16
厦	16
厥	16
厮	16
厰	16
厶	16
參	16
簒	16
雙	16
叟	16
曼	16
燮	16
叮	16
叨	16
叭	16
叺	16
吁	16
吽	16
呀	16
听	16
吭	16
吼	16
吮	16
吶	16
吩	16
吝	16
呎	16
咏	16
呵	16
咎	16
呟	16
呱	16
呷	16
呰	16
咒	16
呻	16
咀	16
呶	16
咄	16
咐	16
咆	16
哇	16
咢	16
咸	16
咥	16
咬	16
哄	16
哈	16
咨	16
咫	16
哂	16
咤	16
咾	16
咼	16
哘	16
哥	16
哦	16
唏	16
唔	16
哽	16
哮	16
哭	16
哺	16
哢	16
唹	16
啀	16
啣	16
啌	16
售	16
啜	16
啅	16
啖	16
啗	16
唸	16
唳	16
啝	16
喙	16
喀	16
咯	16
喊	16
喟	16
啻	16
啾	16
喘	16
喞	16
單	16
啼	16
喃	16
喩	16
喇	16
喨	16
嗚	16
嗅	16
嗟	16
嗄	16
嗜	16
嗤	16
嗔	16
嘔	16
嗷	16
嘖	16
嗾	16
嗽	16
嘛	16
嗹	16
噎	16
噐	16
營	16
嘴	16
嘶	16
嘲	16
嘸	16
噫	16
噤	16
嘯	16
噬	16
噪	16
嚆	16
嚀	16
嚊	16
嚠	16
嚔	16
嚏	16
嚥	16
嚮	16
嚶	16
嚴	16
囂	16
嚼	16
囁	16
囃	16
囀	16
囈	16
囎	16
囑	16
囓	16
囗	16
囮	16
囹	16
圀	16
囿	16
圄	16
圉	16
圈	16
國	16
圍	16
圓	16
團	16
圖	16
嗇	16
圜	16
圦	16
圷	16
圸	16
坎	16
圻	16
址	16
坏	16
坩	16
埀	16
垈	16
坡	16
坿	16
垉	16
垓	16
垠	16
垳	16
垤	16
垪	16
垰	16
埃	16
埆	16
埔	16
埒	16
埓	16
堊	16
埖	16
埣	16
堋	16
堙	16
堝	16
塲	16
堡	16
塢	16
塋	16
塰	16
毀	16
塒	16
堽	16
塹	16
墅	16
墹	16
墟	16
墫	16
墺	16
壞	16
墻	16
墸	16
墮	16
壅	16
壓	16
壑	16
壗	16
壙	16
壘	16
壥	16
壜	16
壤	16
壟	16
壯	16
壺	16
壹	16
壻	16
壼	16
壽	16
夂	16
夊	16
夐	16
夛	16
梦	16
夥	16
夬	16
夭	16
夲	16
夸	16
夾	16
竒	16
奕	16
奐	16
奎	16
奚	16
奘	16
奢	16
奠	16
奧	16
奬	16
奩	16
奸	16
妁	16
妝	16
佞	16
侫	16
妣	16
妲	16
姆	16
姨	16
姜	16
妍	16
姙	16
姚	16
娥	16
娟	16
娑	16
娜	16
娉	16
娚	16
婀	16
婬	16
婉	16
娵	16
娶	16
婢	16
婪	16
媚	16
媼	16
媾	16
嫋	16
嫂	16
媽	16
嫣	16
嫗	16
嫦	16
嫩	16
嫖	16
嫺	16
嫻	16
嬌	16
嬋	16
嬖	16
嬲	16
嫐	16
嬪	16
嬶	16
嬾	16
孃	16
孅	16
孀	16
孑	16
孕	16
孚	16
孛	16
孥	16
孩	16
孰	16
孳	16
孵	16
學	16
斈	16
孺	16
宀	16
它	16
宦	16
宸	16
寃	16
寇	16
寉	16
寔	16
寐	16
寤	16
實	16
寢	16
寞	16
寥	16
寫	16
寰	16
寶	16
寳	16
尅	16
將	16
專	16
對	16
尓	16
尠	16
尢	16
尨	16
尸	16
尹	16
屁	16
屆	16
屎	16
屓	16
屐	16
屏	16
孱	16
屬	16
屮	16
乢	16
屶	16
屹	16
岌	16
岑	16
岔	16
妛	16
岫	16
岻	16
岶	16
岼	16
岷	16
峅	16
岾	16
峇	16
峙	16
峩	16
峽	16
峺	16
峭	16
嶌	16
峪	16
崋	16
崕	16
崗	16
嵜	16
崟	16
崛	16
崑	16
崔	16
崢	16
崚	16
崙	16
崘	16
嵌	16
嵒	16
嵎	16
嵋	16
嵬	16
嵳	16
嵶	16
嶇	16
嶄	16
嶂	16
嶢	16
嶝	16
嶬	16
嶮	16
嶽	16
嶐	16
嶷	16
嶼	16
巉	16
巍	16
巓	16
巒	16
巖	16
巛	16
巫	16
已	16
巵	16
帋	16
帚	16
帙	16
帑	16
帛	16
帶	16
帷	16
幄	16
幃	16
幀	16
幎	16
幗	16
幔	16
幟	16
幢	16
幤	16
幇	16
幵	16
并	16
幺	16
麼	16
广	16
庠	16
廁	16
廂	16
廈	16
廐	16
廏	16
廖	16
廣	16
廝	16
廚	16
廛	16
廢	16
廡	16
廨	16
廩	16
廬	16
廱	16
廳	16
廰	16
廴	16
廸	16
廾	16
弃	16
弉	16
彝	16
彜	16
弋	16
弑	16
弖	16
弩	16
弭	16
弸	16
彁	16
彈	16
彌	16
彎	16
弯	16
彑	16
彖	16
彗	16
彙	16
彡	16
彭	16
彳	16
彷	16
徃	16
徂	16
彿	16
徊	16
很	16
徑	16
徇	16
從	16
徙	16
徘	16
徠	16
徨	16
徭	16
徼	16
忖	16
忻	16
忤	16
忸	16
忱	16
忝	16
悳	16
忿	16
怡	16
恠	16
怙	16
怐	16
怩	16
怎	16
怱	16
怛	16
怕	16
怫	16
怦	16
怏	16
怺	16
恚	16
恁	16
恪	16
恷	16
恟	16
恊	16
恆	16
恍	16
恣	16
恃	16
恤	16
恂	16
恬	16
恫	16
恙	16
悁	16
悍	16
惧	16
悃	16
悚	16
悄	16
悛	16
悖	16
悗	16
悒	16
悧	16
悋	16
惡	16
悸	16
惠	16
惓	16
悴	16
忰	16
悽	16
惆	16
悵	16
惘	16
慍	16
愕	16
愆	16
惶	16
惷	16
愀	16
惴	16
惺	16
愃	16
愡	16
惻	16
惱	16
愍	16
愎	16
慇	16
愾	16
愨	16
愧	16
慊	16
愿	16
愼	16
愬	16
愴	16
愽	16
慂	16
慄	16
慳	16
慷	16
慘	16
慙	16
慚	16
慫	16
慴	16
慯	16
慥	16
慱	16
慟	16
慝	16
慓	16
慵	16
憙	16
憖	16
憇	16
憬	16
憔	16
憚	16
憊	16
憑	16
憫	16
憮	16
懌	16
懊	16
應	16
懷	16
懈	16
懃	16
懆	16
憺	16
懋	16
罹	16
懍	16
懦	16
懣	16
懶	16
懺	16
懴	16
懿	16
懽	16
懼	16
懾	16
戀	16
戈	16
戉	16
戍	16
戌	16
戔	16
戛	16
戞	16
戡	16
截	16
戮	16
戰	16
戲	16
戳	16
扁	16
扎	16
扞	16
扣	16
扛	16
扠	16
扨	16
扼	16
抂	16
抉	16
找	16
抒	16
抓	16
抖	16
拔	16
抃	16
抔	16
拗	16
拑	16
抻	16
拏	16
拿	16
拆	16
擔	16
拈	16
拜	16
拌	16
拊	16
拂	16
拇	16
抛	16
拉	16
挌	16
拮	16
拱	16
挧	16
挂	16
挈	16
拯	16
拵	16
捐	16
挾	16
捍	16
搜	16
捏	16
掖	16
掎	16
掀	16
掫	16
捶	16
掣	16
掏	16
掉	16
掟	16
掵	16
捫	16
捩	16
掾	16
揩	16
揀	16
揆	16
揣	16
揉	16
插	16
揶	16
揄	16
搖	16
搴	16
搆	16
搓	16
搦	16
搶	16
攝	16
搗	16
搨	16
搏	16
摧	16
摯	16
摶	16
摎	16
攪	16
撕	16
撓	16
撥	16
撩	16
撈	16
撼	16
據	16
擒	16
擅	16
擇	16
撻	16
擘	16
擂	16
擱	16
擧	16
舉	16
擠	16
擡	16
抬	16
擣	16
擯	16
攬	16
擶	16
擴	16
擲	16
擺	16
攀	16
擽	16
攘	16
攜	16
攅	16
攤	16
攣	16
攫	16
攴	16
攵	16
攷	16
收	16
攸	16
畋	16
效	16
敖	16
敕	16
敍	16
敘	16
敞	16
敝	16
敲	16
數	16
斂	16
斃	16
變	16
斛	16
斟	16
斫	16
斷	16
旃	16
旆	16
旁	16
旄	16
旌	16
旒	16
旛	16
旙	16
无	16
旡	16
旱	16
杲	16
昊	16
昃	16
旻	16
杳	16
昵	16
昶	16
昴	16
昜	16
晏	16
晄	16
晉	16
晁	16
晞	16
晝	16
晤	16
晧	16
晨	16
晟	16
晢	16
晰	16
暃	16
暈	16
暎	16
暉	16
暄	16
暘	16
暝	16
曁	16
暹	16
曉	16
暾	16
暼	16
曄	16
暸	16
曖	16
曚	16
曠	16
昿	16
曦	16
曩	16
曰	16
曵	16
曷	16
朏	16
朖	16
朞	16
朦	16
朧	16
霸	16
朮	16
朿	16
朶	16
杁	16
朸	16
朷	16
杆	16
杞	16
杠	16
杙	16
杣	16
杤	16
枉	16
杰	16
枩	16
杼	16
杪	16
枌	16
枋	16
枦	16
枡	16
枅	16
枷	16
柯	16
枴	16
柬	16
枳	16
柩	16
枸	16
柤	16
柞	16
柝	16
柢	16
柮	16
枹	16
柎	16
柆	16
柧	16
檜	16
栞	16
框	16
栩	16
桀	16
桍	16
栲	16
桎	16
梳	16
栫	16
桙	16
档	16
桷	16
桿	16
梟	16
梏	16
梭	16
梔	16
條	16
梛	16
梃	16
檮	16
梹	16
桴	16
梵	16
梠	16
梺	16
椏	16
梍	16
桾	16
椁	16
棊	16
椈	16
棘	16
椢	16
椦	16
棡	16
椌	16
棍	16
棔	16
棧	16
棕	16
椶	16
椒	16
椄	16
棗	16
棣	16
椥	16
棹	16
棠	16
棯	16
椨	16
椪	16
椚	16
椣	16
椡	16
棆	16
楹	16
楷	16
楜	16
楸	16
楫	16
楔	16
楾	16
楮	16
椹	16
楴	16
椽	16
楙	16
椰	16
楡	16
楞	16
楝	16
榁	16
楪	16
榲	16
榮	16
槐	16
榿	16
槁	16
槓	16
榾	16
槎	16
寨	16
槊	16
槝	16
榻	16
槃	16
榧	16
樮	16
榑	16
榠	16
榜	16
榕	16
榴	16
槞	16
槨	16
樂	16
樛	16
槿	16
權	16
槹	16
槲	16
槧	16
樅	16
榱	16
樞	16
槭	16
樔	16
槫	16
樊	16
樒	16
櫁	16
樣	16
樓	16
橄	16
樌	16
橲	16
樶	16
橸	16
橇	16
橢	16
橙	16
橦	16
橈	16
樸	16
樢	16
檐	16
檍	16
檠	16
檄	16
檢	16
檣	16
檗	16
蘗	16
檻	16
櫃	16
櫂	16
檸	16
檳	16
檬	16
櫞	16
櫑	16
櫟	16
檪	16
櫚	16
櫪	16
櫻	16
欅	16
蘖	16
櫺	16
欒	16
欖	16
鬱	16
欟	16
欸	16
欷	16
盜	16
欹	16
飮	16
歇	16
歃	16
歉	16
歐	16
歙	16
歔	16
歛	16
歟	16
歡	16
歸	16
歹	16
歿	16
殀	16
殄	16
殃	16
殍	16
殘	16
殕	16
殞	16
殤	16
殪	16
殫	16
殯	16
殲	16
殱	16
殳	16
殷	16
殼	16
毆	16
毋	16
毓	16
毟	16
毬	16
毫	16
毳	16
毯	16
麾	16
氈	16
氓	16
气	16
氛	16
氤	16
氣	16
汞	16
汕	16
汢	16
汪	16
沂	16
沍	16
沚	16
沁	16
沛	16
汾	16
汨	16
汳	16
沒	16
沐	16
泄	16
泱	16
泓	16
沽	16
泗	16
泅	16
泝	16
沮	16
沱	16
沾	16
沺	16
泛	16
泯	16
泙	16
泪	16
洟	16
衍	16
洶	16
洫	16
洽	16
洸	16
洙	16
洵	16
洳	16
洒	16
洌	16
浣	16
涓	16
浤	16
浚	16
浹	16
浙	16
涎	16
涕	16
濤	16
涅	16
淹	16
渕	16
渊	16
涵	16
淇	16
淦	16
涸	16
淆	16
淬	16
淞	16
淌	16
淨	16
淒	16
淅	16
淺	16
淙	16
淤	16
淕	16
淪	16
淮	16
渭	16
湮	16
渮	16
渙	16
湲	16
湟	16
渾	16
渣	16
湫	16
渫	16
湶	16
湍	16
渟	16
湃	16
渺	16
湎	16
渤	16
滿	16
渝	16
游	16
溂	16
溪	16
溘	16
滉	16
溷	16
滓	16
溽	16
溯	16
滄	16
溲	16
滔	16
滕	16
溏	16
溥	16
滂	16
溟	16
潁	16
漑	16
灌	16
滬	16
滸	16
滾	16
漿	16
滲	16
漱	16
滯	16
漲	16
滌	16
漾	16
漓	16
滷	16
澆	16
潺	16
潸	16
澁	16
澀	16
潯	16
潛	16
濳	16
潭	16
澂	16
潼	16
潘	16
澎	16
澑	16
濂	16
潦	16
澳	16
澣	16
澡	16
澤	16
澹	16
濆	16
澪	16
濟	16
濕	16
濬	16
濔	16
濘	16
濱	16
濮	16
濛	16
瀉	16
瀋	16
濺	16
瀑	16
瀁	16
瀏	16
濾	16
瀛	16
瀚	16
潴	16
瀝	16
瀘	16
瀟	16
瀰	16
瀾	16
瀲	16
灑	16
灣	16
炙	16
炒	16
炯	16
烱	16
炬	16
炸	16
炳	16
炮	16
烟	16
烋	16
烝	16
烙	16
焉	16
烽	16
焜	16
焙	16
煥	16
煕	16
熈	16
煦	16
煢	16
煌	16
煖	16
煬	16
熏	16
燻	16
熄	16
熕	16
熨	16
熬	16
燗	16
熹	16
熾	16
燒	16
燉	16
燔	16
燎	16
燠	16
燬	16
燧	16
燵	16
燼	16
燹	16
燿	16
爍	16
爐	16
爛	16
爨	16
爭	16
爬	16
爰	16
爲	16
爻	16
爼	16
爿	16
牀	16
牆	16
牋	16
牘	16
牴	16
牾	16
犂	16
犁	16
犇	16
犒	16
犖	16
犢	16
犧	16
犹	16
犲	16
狃	16
狆	16
狄	16
狎	16
狒	16
狢	16
狠	16
狡	16
狹	16
狷	16
倏	16
猗	16
猊	16
猜	16
猖	16
猝	16
猴	16
猯	16
猩	16
猥	16
猾	16
獎	16
獏	16
默	16
獗	16
獪	16
獨	16
獰	16
獸	16
獵	16
獻	16
獺	16
珈	16
玳	16
珎	16
玻	16
珀	16
珥	16
珮	16
珞	16
璢	16
琅	16
瑯	16
琥	16
珸	16
琲	16
琺	16
瑕	16
琿	16
瑟	16
瑙	16
瑁	16
瑜	16
瑩	16
瑰	16
瑣	16
瑪	16
瑶	16
瑾	16
璋	16
璞	16
璧	16
瓊	16
瓏	16
瓔	16
珱	16
瓠	16
瓣	16
瓧	16
瓩	16
瓮	16
瓲	16
瓰	16
瓱	16
瓸	16
瓷	16
甄	16
甃	16
甅	16
甌	16
甎	16
甍	16
甕	16
甓	16
甞	16
甦	16
甬	16
甼	16
畄	16
畍	16
畊	16
畉	16
畛	16
畆	16
畚	16
畩	16
畤	16
畧	16
畫	16
畭	16
畸	16
當	16
疆	16
疇	16
畴	16
疊	16
疉	16
疂	16
疔	16
疚	16
疝	16
疥	16
疣	16
痂	16
疳	16
痃	16
疵	16
疽	16
疸	16
疼	16
疱	16
痍	16
痊	16
痒	16
痙	16
痣	16
痞	16
痾	16
痿	16
痼	16
瘁	16
痰	16
痺	16
痲	16
痳	16
瘋	16
瘍	16
瘉	16
瘟	16
瘧	16
瘠	16
瘡	16
瘢	16
瘤	16
瘴	16
瘰	16
瘻	16
癇	16
癈	16
癆	16
癜	16
癘	16
癡	16
癢	16
癨	16
癩	16
癪	16
癧	16
癬	16
癰	16
癲	16
癶	16
癸	16
發	16
皀	16
皃	16
皈	16
皋	16
皎	16
皖	16
皓	16
皙	16
皚	16
皰	16
皴	16
皸	16
皹	16
皺	16
盂	16
盍	16
盖	16
盒	16
盞	16
盡	16
盥	16
盧	16
盪	16
蘯	16
盻	16
眈	16
眇	16
眄	16
眩	16
眤	16
眞	16
眥	16
眦	16
眛	16
眷	16
眸	16
睇	16
睚	16
睨	16
睫	16
睛	16
睥	16
睿	16
睾	16
睹	16
瞎	16
瞋	16
瞑	16
瞠	16
瞞	16
瞰	16
瞶	16
瞹	16
瞿	16
瞼	16
瞽	16
瞻	16
矇	16
矍	16
矗	16
矚	16
矜	16
矣	16
矮	16
矼	16
砌	16
砒	16
礦	16
砠	16
礪	16
硅	16
碎	16
硴	16
碆	16
硼	16
碚	16
碌	16
碣	16
碵	16
碪	16
碯	16
磑	16
磆	16
磋	16
磔	16
碾	16
碼	16
磅	16
磊	16
磬	16
磧	16
磚	16
磽	16
磴	16
礇	16
礒	16
礑	16
礙	16
礬	16
礫	16
祀	16
祠	16
祗	16
祟	16
祚	16
祕	16
祓	16
祺	16
祿	16
禊	16
禝	16
禧	16
齋	16
禪	16
禮	16
禳	16
禹	16
禺	16
秉	16
秕	16
秧	16
秬	16
秡	16
秣	16
稈	16
稍	16
稘	16
稙	16
稠	16
稟	16
禀	16
稱	16
稻	16
稾	16
稷	16
穃	16
穗	16
穉	16
穡	16
穢	16
穩	16
龝	16
穰	16
穹	16
穽	16
窈	16
窗	16
窕	16
窘	16
窖	16
窩	16
竈	16
窰	16
窶	16
竅	16
竄	16
窿	16
邃	16
竇	16
竊	16
竍	16
竏	16
竕	16
竓	16
站	16
竚	16
竝	16
竡	16
竢	16
竦	16
竭	16
竰	16
笂	16
笏	16
笊	16
笆	16
笳	16
笘	16
笙	16
笞	16
笵	16
笨	16
笶	16
筐	16
筺	16
笄	16
筍	16
笋	16
筌	16
筅	16
筵	16
筥	16
筴	16
筧	16
筰	16
筱	16
筬	16
筮	16
箝	16
箘	16
箟	16
箍	16
箜	16
箚	16
箋	16
箒	16
箏	16
筝	16
箙	16
篋	16
篁	16
篌	16
篏	16
箴	16
篆	16
篝	16
篩	16
簑	16
簔	16
篦	16
篥	16
籠	16
簀	16
簇	16
簓	16
篳	16
篷	16
簗	16
簍	16
篶	16
簣	16
簧	16
簪	16
簟	16
簷	16
簫	16
簽	16
籌	16
籃	16
籔	16
籏	16
籀	16
籐	16
籘	16
籟	16
籤	16
籖	16
籥	16
籬	16
籵	16
粃	16
粐	16
粤	16
粭	16
粢	16
粫	16
粡	16
粨	16
粳	16
粲	16
粱	16
粮	16
粹	16
粽	16
糀	16
糅	16
糂	16
糘	16
糒	16
糜	16
糢	16
鬻	16
糯	16
糲	16
糴	16
糶	16
糺	16
紆	16
紂	16
紜	16
紕	16
紊	16
絅	16
絋	16
紮	16
紲	16
紿	16
紵	16
絆	16
絳	16
絖	16
絎	16
絲	16
絨	16
絮	16
絏	16
絣	16
經	16
綉	16
絛	16
綏	16
絽	16
綛	16
綺	16
綮	16
綣	16
綵	16
緇	16
綽	16
綫	16
總	16
綢	16
綯	16
緜	16
綸	16
綟	16
綰	16
緘	16
緝	16
緤	16
緞	16
緻	16
緲	16
緡	16
縅	16
縊	16
縣	16
縡	16
縒	16
縱	16
縟	16
縉	16
縋	16
縢	16
繆	16
繦	16
縻	16
縵	16
縹	16
繃	16
縷	16
縲	16
縺	16
繧	16
繝	16
繖	16
繞	16
繙	16
繚	16
繹	16
繪	16
繩	16
繼	16
繻	16
纃	16
緕	16
繽	16
辮	16
繿	16
纈	16
纉	16
續	16
纒	16
纐	16
纓	16
纔	16
纖	16
纎	16
纛	16
纜	16
缸	16
缺	16
罅	16
罌	16
罍	16
罎	16
罐	16
网	16
罕	16
罔	16
罘	16
罟	16
罠	16
罨	16
罩	16
罧	16
罸	16
羂	16
羆	16
羃	16
羈	16
羇	16
羌	16
羔	16
羞	16
羝	16
羚	16
羣	16
羯	16
羲	16
羹	16
羮	16
羶	16
羸	16
譱	16
翅	16
翆	16
翊	16
翕	16
翔	16
翡	16
翦	16
翩	16
翳	16
翹	16
飜	16
耆	16
耄	16
耋	16
耒	16
耘	16
耙	16
耜	16
耡	16
耨	16
耿	16
耻	16
聊	16
聆	16
聒	16
聘	16
聚	16
聟	16
聢	16
聨	16
聳	16
聲	16
聰	16
聶	16
聹	16
聽	16
聿	16
肄	16
肆	16
肅	16
肛	16
肓	16
肚	16
肭	16
冐	16
肬	16
胛	16
胥	16
胙	16
胝	16
胄	16
胚	16
胖	16
脉	16
胯	16
胱	16
脛	16
脩	16
脣	16
脯	16
腋	16
隋	16
腆	16
脾	16
腓	16
腑	16
胼	16
腱	16
腮	16
腥	16
腦	16
腴	16
膃	16
膈	16
膊	16
膀	16
膂	16
膠	16
膕	16
膤	16
膣	16
腟	16
膓	16
膩	16
膰	16
膵	16
膾	16
膸	16
膽	16
臀	16
臂	16
膺	16
臉	16
臍	16
臑	16
臙	16
臘	16
臈	16
臚	16
臟	16
臠	16
臧	16
臺	16
臻	16
臾	16
舁	16
舂	16
舅	16
與	16
舊	16
舍	16
舐	16
舖	16
舩	16
舫	16
舸	16
舳	16
艀	16
艙	16
艘	16
艝	16
艚	16
艟	16
艤	16
艢	16
艨	16
艪	16
艫	16
舮	16
艱	16
艷	16
艸	16
艾	16
芍	16
芒	16
芫	16
芟	16
芻	16
芬	16
苡	16
苣	16
苟	16
苒	16
苴	16
苳	16
苺	16
莓	16
范	16
苻	16
苹	16
苞	16
茆	16
苜	16
茉	16
苙	16
茵	16
茴	16
茖	16
茲	16
茱	16
荀	16
茹	16
荐	16
荅	16
茯	16
茫	16
茗	16
茘	16
莅	16
莚	16
莪	16
莟	16
莢	16
莖	16
茣	16
莎	16
莇	16
莊	16
荼	16
莵	16
荳	16
荵	16
莠	16
莉	16
莨	16
菴	16
萓	16
菫	16
菎	16
菽	16
萃	16
菘	16
萋	16
菁	16
菷	16
萇	16
菠	16
菲	16
萍	16
萢	16
萠	16
莽	16
萸	16
蔆	16
菻	16
葭	16
萪	16
萼	16
蕚	16
蒄	16
葷	16
葫	16
蒭	16
葮	16
蒂	16
葩	16
葆	16
萬	16
葯	16
葹	16
萵	16
蓊	16
葢	16
蒹	16
蒿	16
蒟	16
蓙	16
蓍	16
蒻	16
蓚	16
蓐	16
蓁	16
蓆	16
蓖	16
蒡	16
蔡	16
蓿	16
蓴	16
蔗	16
蔘	16
蔬	16
蔟	16
蔕	16
蔔	16
蓼	16
蕀	16
蕣	16
蕘	16
蕈	16
蕁	16
蘂	16
蕋	16
蕕	16
薀	16
薤	16
薈	16
薑	16
薊	16
薨	16
蕭	16
薔	16
薛	16
藪	16
薇	16
薜	16
蕷	16
蕾	16
薐	16
藉	16
薺	16
藏	16
薹	16
藐	16
藕	16
藝	16
藥	16
藜	16
藹	16
蘊	16
蘓	16
蘋	16
藾	16
藺	16
蘆	16
蘢	16
蘚	16
蘰	16
蘿	16
虍	16
乕	16
虔	16
號	16
虧	16
虱	16
蚓	16
蚣	16
蚩	16
蚪	16
蚋	16
蚌	16
蚶	16
蚯	16
蛄	16
蛆	16
蚰	16
蛉	16
蠣	16
蚫	16
蛔	16
蛞	16
蛩	16
蛬	16
蛟	16
蛛	16
蛯	16
蜒	16
蜆	16
蜈	16
蜀	16
蜃	16
蛻	16
蜑	16
蜉	16
蜍	16
蛹	16
蜊	16
蜴	16
蜿	16
蜷	16
蜻	16
蜥	16
蜩	16
蜚	16
蝠	16
蝟	16
蝸	16
蝌	16
蝎	16
蝴	16
蝗	16
蝨	16
蝮	16
蝙	16
蝓	16
蝣	16
蝪	16
蠅	16
螢	16
螟	16
螂	16
螯	16
蟋	16
螽	16
蟀	16
蟐	16
雖	16
螫	16
蟄	16
螳	16
蟇	16
蟆	16
螻	16
蟯	16
蟲	16
蟠	16
蠏	16
蠍	16
蟾	16
蟶	16
蟷	16
蠎	16
蟒	16
蠑	16
蠖	16
蠕	16
蠢	16
蠡	16
蠱	16
蠶	16
蠹	16
蠧	16
蠻	16
衄	16
衂	16
衒	16
衙	16
衞	16
衢	16
衫	16
袁	16
衾	16
袞	16
衵	16
衽	16
袵	16
衲	16
袂	16
袗	16
袒	16
袮	16
袙	16
袢	16
袍	16
袤	16
袰	16
袿	16
袱	16
裃	16
裄	16
裔	16
裘	16
裙	16
裝	16
裹	16
褂	16
裼	16
裴	16
裨	16
裲	16
褄	16
褌	16
褊	16
褓	16
襃	16
褞	16
褥	16
褪	16
褫	16
襁	16
襄	16
褻	16
褶	16
褸	16
襌	16
褝	16
襠	16
襞	16
襦	16
襤	16
襭	16
襪	16
襯	16
襴	16
襷	16
襾	16
覃	16
覈	16
覊	16
覓	16
覘	16
覡	16
覩	16
覦	16
覬	16
覯	16
覲	16
覺	16
覽	16
覿	16
觀	16
觚	16
觜	16
觝	16
觧	16
觴	16
觸	16
訃	16
訖	16
訐	16
訌	16
訛	16
訝	16
訥	16
訶	16
詁	16
詛	16
詒	16
詆	16
詈	16
詼	16
詭	16
詬	16
詢	16
誅	16
誂	16
誄	16
誨	16
誡	16
誑	16
誥	16
誦	16
誚	16
誣	16
諄	16
諍	16
諂	16
諚	16
諫	16
諳	16
諧	16
諤	16
諱	16
謔	16
諠	16
諢	16
諷	16
諞	16
諛	16
謌	16
謇	16
謚	16
諡	16
謖	16
謐	16
謗	16
謠	16
謳	16
鞫	16
謦	16
謫	16
謾	16
謨	16
譁	16
譌	16
譏	16
譎	16
證	16
譖	16
譛	16
譚	16
譫	16
譟	16
譬	16
譯	16
譴	16
譽	16
讀	16
讌	16
讎	16
讒	16
讓	16
讖	16
讙	16
讚	16
谺	16
豁	16
谿	16
豈	16
豌	16
豎	16
豐	16
豕	16
豢	16
豬	16
豸	16
豺	16
貂	16
貉	16
貅	16
貊	16
貍	16
貎	16
貔	16
豼	16
貘	16
戝	16
貭	16
貪	16
貽	16
貲	16
貳	16
貮	16
貶	16
賈	16
賁	16
賤	16
賣	16
賚	16
賽	16
賺	16
賻	16
贄	16
贅	16
贊	16
贇	16
贏	16
贍	16
贐	16
齎	16
贓	16
賍	16
贔	16
贖	16
赧	16
赭	16
赱	16
赳	16
趁	16
趙	16
跂	16
趾	16
趺	16
跏	16
跚	16
跖	16
跌	16
跛	16
跋	16
跪	16
跫	16
跟	16
跣	16
跼	16
踈	16
踉	16
跿	16
踝	16
踞	16
踐	16
踟	16
蹂	16
踵	16
踰	16
踴	16
蹊	16
蹇	16
蹉	16
蹌	16
蹐	16
蹈	16
蹙	16
蹤	16
蹠	16
踪	16
蹣	16
蹕	16
蹶	16
蹲	16
蹼	16
躁	16
躇	16
躅	16
躄	16
躋	16
躊	16
躓	16
躑	16
躔	16
躙	16
躪	16
躡	16
躬	16
躰	16
軆	16
躱	16
躾	16
軅	16
軈	16
軋	16
軛	16
軣	16
軼	16
軻	16
軫	16
軾	16
輊	16
輅	16
輕	16
輒	16
輙	16
輓	16
輜	16
輟	16
輛	16
輌	16
輦	16
輳	16
輻	16
輹	16
轅	16
轂	16
輾	16
轌	16
轉	16
轆	16
轎	16
轗	16
轜	16
轢	16
轣	16
轤	16
辜	16
辟	16
辣	16
辭	16
辯	16
辷	16
迚	16
迥	16
迢	16
迪	16
迯	16
邇	16
迴	16
逅	16
迹	16
迺	16
逑	16
逕	16
逡	16
逍	16
逞	16
逖	16
逋	16
逧	16
逶	16
逵	16
逹	16
迸	16
遏	16
遐	16
遑	16
遒	16
逎	16
遉	16
逾	16
遖	16
遘	16
遞	16
遨	16
遯	16
遶	16
隨	16
遲	16
邂	16
遽	16
邁	16
邀	16
邊	16
邉	16
邏	16
邨	16
邯	16
邱	16
邵	16
郢	16
郤	16
扈	16
郛	16
鄂	16
鄒	16
鄙	16
鄲	16
鄰	16
酊	16
酖	16
酘	16
酣	16
酥	16
酩	16
酳	16
酲	16
醋	16
醉	16
醂	16
醢	16
醫	16
醯	16
醪	16
醵	16
醴	16
醺	16
釀	16
釁	16
釉	16
釋	16
釐	16
釖	16
釟	16
釡	16
釛	16
釼	16
釵	16
釶	16
鈞	16
釿	16
鈔	16
鈬	16
鈕	16
鈑	16
鉞	16
鉗	16
鉅	16
鉉	16
鉤	16
鉈	16
銕	16
鈿	16
鉋	16
鉐	16
銜	16
銖	16
銓	16
銛	16
鉚	16
鋏	16
銹	16
銷	16
鋩	16
錏	16
鋺	16
鍄	16
錮	16
錙	16
錢	16
錚	16
錣	16
錺	16
錵	16
錻	16
鍜	16
鍠	16
鍼	16
鍮	16
鍖	16
鎰	16
鎬	16
鎭	16
鎔	16
鎹	16
鏖	16
鏗	16
鏨	16
鏥	16
鏘	16
鏃	16
鏝	16
鏐	16
鏈	16
鏤	16
鐚	16
鐔	16
鐓	16
鐃	16
鐇	16
鐐	16
鐶	16
鐫	16
鐵	16
鐡	16
鐺	16
鑁	16
鑒	16
鑄	16
鑛	16
鑠	16
鑢	16
鑞	16
鑪	16
鈩	16
鑰	16
鑵	16
鑷	16
鑽	16
鑚	16
鑼	16
鑾	16
钁	16
鑿	16
閂	16
閇	16
閊	16
閔	16
閖	16
閘	16
閙	16
閠	16
閨	16
閧	16
閭	16
閼	16
閻	16
閹	16
閾	16
闊	16
濶	16
闃	16
闍	16
闌	16
闕	16
闔	16
闖	16
關	16
闡	16
闥	16
闢	16
阡	16
阨	16
阮	16
阯	16
陂	16
陌	16
陏	16
陋	16
陷	16
陜	16
陞	16
陝	16
陟	16
陦	16
陲	16
陬	16
隍	16
隘	16
隕	16
隗	16
險	16
隧	16
隱	16
隲	16
隰	16
隴	16
隶	16
隸	16
隹	16
雎	16
雋	16
雉	16
雍	16
襍	16
雜	16
霍	16
雕	16
雹	16
霄	16
霆	16
霈	16
霓	16
霎	16
霑	16
霏	16
霖	16
霙	16
霤	16
霪	16
霰	16
霹	16
霽	16
霾	16
靄	16
靆	16
靈	16
靂	16
靉	16
靜	16
靠	16
靤	16
靦	16
靨	16
勒	16
靫	16
靱	16
靹	16
鞅	16
靼	16
鞁	16
靺	16
鞆	16
鞋	16
鞏	16
鞐	16
鞜	16
鞨	16
鞦	16
鞣	16
鞳	16
鞴	16
韃	16
韆	16
韈	16
韋	16
韜	16
韭	16
齏	16
韲	16
竟	16
韶	16
韵	16
頏	16
頌	16
頸	16
頤	16
頡	16
頷	16
頽	16
顆	16
顏	16
顋	16
顫	16
顯	16
顰	16
顱	16
顴	16
顳	16
颪	16
颯	16
颱	16
颶	16
飄	16
飃	16
飆	16
飩	16
飫	16
餃	16
餉	16
餒	16
餔	16
餘	16
餡	16
餝	16
餞	16
餤	16
餠	16
餬	16
餮	16
餽	16
餾	16
饂	16
饉	16
饅	16
饐	16
饋	16
饑	16
饒	16
饌	16
饕	16
馗	16
馘	16
馥	16
馭	16
馮	16
馼	16
駟	16
駛	16
駝	16
駘	16
駑	16
駭	16
駮	16
駱	16
駲	16
駻	16
駸	16
騁	16
騏	16
騅	16
駢	16
騙	16
騫	16
騷	16
驅	16
驂	16
驀	16
驃	16
騾	16
驕	16
驍	16
驛	16
驗	16
驟	16
驢	16
驥	16
驤	16
驩	16
驫	16
驪	16
骭	16
骰	16
骼	16
髀	16
髏	16
髑	16
髓	16
體	16
髞	16
髟	16
髢	16
髣	16
髦	16
髯	16
髫	16
髮	16
髴	16
髱	16
髷	16
髻	16
鬆	16
鬘	16
鬚	16
鬟	16
鬢	16
鬣	16
鬥	16
鬧	16
鬨	16
鬩	16
鬪	16
鬮	16
鬯	16
鬲	16
魄	16
魃	16
魏	16
魍	16
魎	16
魑	16
魘	16
魴	16
鮓	16
鮃	16
鮑	16
鮖	16
鮗	16
鮟	16
鮠	16
鮨	16
鮴	16
鯀	16
鯊	16
鮹	16
鯆	16
鯏	16
鯑	16
鯒	16
鯣	16
鯢	16
鯤	16
鯔	16
鯡	16
鰺	16
鯲	16
鯱	16
鯰	16
鰕	16
鰔	16
鰉	16
鰓	16
鰌	16
鰆	16
鰈	16
鰒	16
鰊	16
鰄	16
鰮	16
鰛	16
鰥	16
鰤	16
鰡	16
鰰	16
鱇	16
鰲	16
鱆	16
鰾	16
鱚	16
鱠	16
鱧	16
鱶	16
鱸	16
鳧	16
鳬	16
鳰	16
鴉	16
鴈	16
鳫	16
鴃	16
鴆	16
鴪	16
鴦	16
鶯	16
鴣	16
鴟	16
鵄	16
鴕	16
鴒	16
鵁	16
鴿	16
鴾	16
鵆	16
鵈	16
鵝	16
鵞	16
鵤	16
鵑	16
鵐	16
鵙	16
鵲	16
鶉	16
鶇	16
鶫	16
鵯	16
鵺	16
鶚	16
鶤	16
鶩	16
鶲	16
鷄	16
鷁	16
鶻	16
鶸	16
鶺	16
鷆	16
鷏	16
鷂	16
鷙	16
鷓	16
鷸	16
鷦	16
鷭	16
鷯	16
鷽	16
鸚	16
鸛	16
鸞	16
鹵	16
鹹	16
鹽	16
麁	16
麈	16
麋	16
麌	16
麒	16
麕	16
麑	16
麝	16
麥	16
麩	16
麸	16
麪	16
麭	16
靡	16
黌	16
黎	16
黏	16
黐	16
黔	16
黜	16
點	16
黝	16
黠	16
黥	16
黨	16
黯	16
黴	16
黶	16
黷	16
黹	16
黻	16
黼	16
黽	16
鼇	16
鼈	16
皷	16
鼕	16
鼡	16
鼬	16
鼾	16
齊	16
齒	16
齔	16
齣	16
齟	16
齠	16
齡	16
齦	16
齧	16
齬	16
齪	16
齷	16
齲	16
齶	16
龕	16
龜	16
龠	16
堯	16
槇	16
遙	16
瑤	16
凜	16
熙	16
纊	16
褜	16
鍈	16
銈	16
蓜	16
俉	16
炻	16
昱	16
棈	16
鋹	16
曻	16
彅	16
丨	16
仡	16
仼	16
伀	16
伃	16
伹	16
佖	16
侒	16
侊	16
侚	16
侔	16
俍	16
偀	16
倢	16
俿	16
倞	16
偆	16
偰	16
偂	16
傔	16
僴	16
僘	16
兊	16
兤	16
冝	16
冾	16
凬	16
刕	16
劜	16
劦	16
勀	16
勛	16
匀	16
匇	16
匤	16
卲	16
厓	16
厲	16
叝	16
﨎	16
咜	16
咊	16
咩	16
哿	16
喆	16
坙	16
坥	16
垬	16
埈	16
埇	16
﨏	16
塚	16
增	16
墲	16
夋	16
奓	16
奛	16
奝	16
奣	16
妤	16
妺	16
孖	16
寀	16
甯	16
寘	16
寬	16
尞	16
岦	16
岺	16
峵	16
崧	16
嵓	16
﨑	16
嵂	16
嵭	16
嶸	16
嶹	16
巐	16
弡	16
弴	16
彧	16
德	16
忞	16
恝	16
悅	16
悊	16
惞	16
惕	16
愠	16
惲	16
愑	16
愷	16
愰	16
憘	16
戓	16
抦	16
揵	16
摠	16
撝	16
擎	16
敎	16
昀	16
昕	16
昻	16
昉	16
昮	16
昞	16
昤	16
晥	16
晗	16
晙	16
晴	16
晳	16
暙	16
暠	16
暲	16
暿	16
曺	16
朎	16
朗	16
杦	16
枻	16
桒	16
柀	16
栁	16
桄	16
棏	16
﨓	16
楨	16
﨔	16
榘	16
槢	16
樰	16
橫	16
橆	16
橳	16
橾	16
櫢	16
櫤	16
毖	16
氿	16
汜	16
沆	16
汯	16
泚	16
洄	16
涇	16
浯	16
涖	16
涬	16
淏	16
淸	16
淲	16
淼	16
渹	16
湜	16
渧	16
渼	16
溿	16
澈	16
澵	16
濵	16
瀅	16
瀇	16
瀨	16
炅	16
炫	16
焏	16
焄	16
煜	16
煆	16
煇	16
凞	16
燁	16
燾	16
犱	16
犾	16
猤	16
猪	16
獷	16
玽	16
珉	16
珖	16
珣	16
珒	16
琇	16
珵	16
琦	16
琪	16
琩	16
琮	16
瑢	16
璉	16
璟	16
甁	16
畯	16
皂	16
皜	16
皞	16
皛	16
皦	16
益	16
睆	16
劯	16
砡	16
硎	16
硤	16
硺	16
礰	16
礼	16
神	16
祥	16
禔	16
福	16
禛	16
竑	16
竧	16
靖	16
竫	16
箞	16
精	16
絈	16
絜	16
綷	16
綠	16
緖	16
繒	16
罇	16
羡	16
羽	16
茁	16
荢	16
荿	16
菇	16
菶	16
葈	16
蒴	16
蕓	16
蕙	16
蕫	16
﨟	16
薰	16
蘒	16
﨡	16
蠇	16
裵	16
訒	16
訷	16
詹	16
誧	16
誾	16
諟	16
諸	16
諶	16
譓	16
譿	16
賰	16
賴	16
贒	16
赶	16
﨣	16
軏	16
﨤	16
逸	16
遧	16
郞	16
都	16
鄕	16
鄧	16
釚	16
釗	16
釞	16
釭	16
釮	16
釤	16
釥	16
鈆	16
鈐	16
鈊	16
鈺	16
鉀	16
鈼	16
鉎	16
鉙	16
鉑	16
鈹	16
鉧	16
銧	16
鉷	16
鉸	16
鋧	16
鋗	16
鋙	16
鋐	16
﨧	16
鋕	16
鋠	16
鋓	16
錥	16
錡	16
鋻	16
﨨	16
錞	16
鋿	16
錝	16
錂	16
鍰	16
鍗	16
鎤	16
鏆	16
鏞	16
鏸	16
鐱	16
鑅	16
鑈	16
閒	16
隆	16
﨩	16
隝	16
隯	16
霳	16
霻	16
靃	16
靍	16
靏	16
靑	16
靕	16
顗	16
顥	16
飯	16
飼	16
餧	16
館	16
馞	16
驎	16
髙	16
髜	16
魵	16
魲	16
鮏	16
鮱	16
鮻	16
鰀	16
鵰	16
鵫	16
鶴	16
鸙	16
黑	16
ⅰ	16
ⅱ	16
ⅲ	16
ⅳ	16
ⅴ	16
ⅵ	16
ⅶ	16
ⅷ	16
ⅸ	16
ⅹ	16
￤	16
＇	16
＂	16
▄	11
▪	4
▀	11
█	11
▂	11
▐	11
▆	11
▅	11
▎	11
◤	8
▌	11
◢	8
▍	11
▬	11
▶	8
 	1
 	2
 	3
 	4
 	5
" "	5
 	8
 	10
 	16
